               epoch,      train/box_loss,      train/obj_loss,      train/cls_loss,   metrics/precision,      metrics/recall,     metrics/mAP_0.5,metrics/mAP_0.5:0.95,        val/box_loss,        val/obj_loss,        val/cls_loss,               x/lr0,               x/lr1,               x/lr2
                   0,            0.023122,            0.043502,            0.010422,             0.67762,             0.77122,             0.76455,             0.52511,            0.037629,            0.088181,             0.02328,              0.0955,              0.0005,              0.0005
                   1,            0.025031,            0.047555,            0.010868,             0.69436,             0.77032,             0.76926,              0.5263,            0.037016,            0.087067,            0.022852,            0.090093,           0.0010927,           0.0010927
                   2,            0.024208,            0.045542,            0.010869,              0.6918,             0.76202,             0.76578,             0.52761,            0.037369,            0.087158,            0.022575,            0.084678,           0.0016776,           0.0016776
                   3,            0.027567,            0.050673,            0.011058,             0.69054,             0.78051,             0.78075,             0.49136,             0.03855,            0.086395,            0.021683,            0.079254,           0.0022545,           0.0022545
                   4,            0.029291,            0.048438,            0.011465,              0.7019,             0.78548,             0.78343,             0.50487,            0.037515,            0.084229,            0.021149,            0.073823,           0.0028234,           0.0028234
                   5,            0.029627,            0.052128,            0.011268,             0.69331,             0.79648,             0.78084,             0.49071,            0.038492,            0.083878,            0.020823,            0.068385,           0.0033845,           0.0033845
                   6,            0.030083,            0.051498,            0.010746,             0.67152,             0.78562,             0.78481,             0.49974,            0.038559,            0.084229,            0.020764,            0.062938,           0.0039376,           0.0039376
                   7,            0.031028,             0.04871,            0.010019,             0.68874,             0.79605,             0.77899,             0.48031,            0.039187,            0.084534,            0.021426,            0.057483,           0.0044829,           0.0044829
                   8,            0.031759,            0.049674,            0.011032,              0.6996,             0.77038,             0.77481,             0.45297,            0.040746,            0.087921,            0.020818,             0.05202,           0.0050202,           0.0050202
                   9,            0.032651,            0.057887,            0.011223,             0.69883,             0.76857,              0.7615,             0.47305,            0.041117,            0.089569,            0.020545,             0.04655,           0.0055495,           0.0055495
                  10,            0.035463,            0.051463,            0.010881,             0.67995,             0.76931,             0.75273,             0.42838,            0.043885,            0.087646,            0.020834,            0.041071,            0.006071,            0.006071
                  11,            0.039067,            0.055702,            0.010718,             0.67963,             0.75674,             0.75964,              0.4232,            0.042947,             0.08316,            0.020235,            0.035585,           0.0065845,           0.0065845
                  12,            0.038755,             0.05598,            0.010972,             0.68585,             0.78619,             0.77213,             0.43702,            0.042673,            0.082077,            0.020641,             0.03009,           0.0070902,           0.0070902
                  13,            0.040157,            0.057157,             0.01145,             0.68922,             0.79736,             0.77766,              0.4406,            0.040523,            0.082764,             0.02039,            0.024588,           0.0075879,           0.0075879
                  14,            0.036426,            0.061096,            0.011948,             0.64819,             0.78742,             0.77483,             0.43275,            0.043028,            0.090286,            0.020807,            0.019078,           0.0080776,           0.0080776
                  15,            0.035777,            0.056054,            0.012121,             0.63417,              0.7873,              0.7689,             0.38852,            0.043257,             0.08786,            0.021581,             0.01356,           0.0085595,           0.0085595
                  16,            0.038905,            0.058373,            0.011955,             0.67378,             0.76684,             0.77516,              0.3798,            0.046231,            0.082138,            0.021127,            0.008944,            0.008944,            0.008944
                  17,             0.03971,            0.055735,             0.01216,             0.68214,             0.77342,             0.74757,             0.34906,            0.049406,            0.080093,            0.020593,            0.008944,            0.008944,            0.008944
                  18,             0.04271,            0.051677,            0.011965,             0.61034,             0.76199,             0.72286,             0.35239,             0.04879,            0.084045,            0.020684,            0.008878,            0.008878,            0.008878
                  19,            0.040179,             0.05803,            0.011654,             0.64826,             0.74788,             0.75985,             0.36668,            0.045906,            0.085175,            0.020241,            0.008812,            0.008812,            0.008812
                  20,            0.039778,            0.060167,            0.012117,             0.66603,             0.75783,              0.7727,             0.42152,            0.044576,            0.080917,            0.020358,            0.008746,            0.008746,            0.008746
                  21,            0.039924,            0.059577,            0.012203,             0.71766,             0.75715,             0.77683,             0.41161,            0.044659,            0.080826,            0.020924,             0.00868,             0.00868,             0.00868
                  22,            0.039331,            0.059835,            0.011992,             0.68911,             0.72526,             0.76246,             0.41436,            0.042823,            0.079895,            0.020652,            0.008614,            0.008614,            0.008614
                  23,            0.035805,            0.057331,            0.011539,             0.66323,             0.75009,             0.77007,             0.43734,            0.042047,            0.082291,            0.021037,            0.008548,            0.008548,            0.008548
                  24,            0.036896,            0.061078,            0.011717,             0.72433,             0.74576,             0.76854,             0.41755,            0.042316,            0.082077,            0.021565,            0.008482,            0.008482,            0.008482
                  25,            0.037285,            0.060143,            0.011575,             0.68816,             0.77331,             0.77519,             0.37053,            0.044983,            0.078842,            0.021592,            0.008416,            0.008416,            0.008416
                  26,            0.039746,            0.059167,             0.01226,             0.72674,             0.73721,             0.79191,             0.45118,            0.039816,            0.076248,            0.020695,             0.00835,             0.00835,             0.00835
                  27,            0.039138,             0.05767,             0.01154,             0.71766,              0.7571,             0.78998,             0.42433,            0.042225,            0.077713,            0.020332,            0.008284,            0.008284,            0.008284
                  28,            0.038443,            0.053936,            0.010807,             0.71783,             0.73308,             0.77629,             0.41439,            0.042452,            0.076172,             0.02054,            0.008218,            0.008218,            0.008218
                  29,            0.039091,            0.053001,            0.011479,             0.71473,             0.73242,             0.77391,             0.40308,             0.04574,            0.078842,            0.020898,            0.008152,            0.008152,            0.008152
                  30,            0.041483,            0.057667,            0.012476,             0.72354,             0.77372,             0.79323,             0.45941,            0.041158,            0.081879,            0.020129,            0.008086,            0.008086,            0.008086
                  31,            0.041012,            0.056773,            0.011836,             0.73856,             0.77617,             0.78817,             0.41985,            0.043168,            0.079971,             0.01999,             0.00802,             0.00802,             0.00802
                  32,            0.038223,             0.05525,            0.012013,             0.72805,             0.77163,             0.78206,              0.4224,            0.043745,            0.077316,            0.020412,            0.007954,            0.007954,            0.007954
                  33,            0.037256,             0.05218,            0.011124,              0.7134,             0.77109,             0.76853,              0.4418,            0.042195,            0.079163,            0.021448,            0.007888,            0.007888,            0.007888
                  34,            0.038325,            0.058375,            0.011369,             0.70446,             0.78921,             0.76876,             0.43247,            0.042697,            0.089615,            0.021304,            0.007822,            0.007822,            0.007822
                  35,            0.033733,            0.057431,            0.011081,             0.68227,              0.7546,             0.76347,             0.43308,             0.04247,             0.09581,            0.021448,            0.007756,            0.007756,            0.007756
                  36,            0.034134,            0.060193,            0.011228,             0.69348,             0.77153,             0.77605,             0.48913,            0.038663,            0.079147,            0.020727,             0.00769,             0.00769,             0.00769
                  37,            0.034966,            0.054652,            0.011174,             0.72814,             0.73257,             0.76113,             0.44162,            0.042849,            0.078415,             0.02179,            0.007624,            0.007624,            0.007624
                  38,            0.035227,            0.050711,            0.010337,             0.73284,             0.75089,             0.76616,             0.42368,            0.041132,            0.078232,            0.021218,            0.007558,            0.007558,            0.007558
                  39,            0.038044,            0.056156,            0.011376,             0.72922,             0.75493,             0.75885,             0.40052,            0.043324,            0.078369,            0.022041,            0.007492,            0.007492,            0.007492
                  40,            0.036738,            0.051811,            0.011208,             0.71451,             0.74161,             0.74961,              0.4247,            0.042704,             0.07869,            0.021747,            0.007426,            0.007426,            0.007426
                  41,            0.035743,            0.053927,            0.011365,             0.72799,             0.76085,             0.76388,             0.40229,            0.043819,            0.081314,            0.021261,             0.00736,             0.00736,             0.00736
                  42,            0.039253,            0.055434,            0.010911,             0.71417,             0.75334,             0.75137,             0.44076,            0.040889,            0.081894,            0.021261,            0.007294,            0.007294,            0.007294
                  43,            0.035289,            0.055217,            0.010616,              0.7162,             0.76357,             0.76327,             0.40532,            0.043859,            0.081055,            0.020657,            0.007228,            0.007228,            0.007228
                  44,            0.036346,            0.050873,            0.009943,             0.74936,             0.75661,             0.77717,             0.47703,            0.039631,            0.080338,             0.02078,            0.007162,            0.007162,            0.007162
                  45,            0.036354,            0.053588,            0.011024,             0.73049,             0.73817,             0.78047,             0.45053,            0.041314,            0.082367,            0.020866,            0.007096,            0.007096,            0.007096
                  46,            0.035498,            0.055954,            0.011318,             0.72796,             0.76249,             0.77278,             0.43172,            0.040996,            0.079468,            0.020209,             0.00703,             0.00703,             0.00703
                  47,            0.035302,            0.051279,            0.011115,             0.75303,             0.75685,             0.77998,             0.44419,             0.04116,             0.07988,            0.020919,            0.006964,            0.006964,            0.006964
                  48,            0.034234,            0.050927,            0.011211,             0.74651,               0.773,              0.7829,             0.45765,             0.04115,             0.08432,            0.020748,            0.006898,            0.006898,            0.006898
                  49,            0.033772,            0.059004,            0.010922,             0.70374,             0.77211,              0.7746,             0.42895,            0.041276,            0.086121,            0.020625,            0.006832,            0.006832,            0.006832
                  50,            0.031809,            0.054909,            0.011053,             0.72532,             0.75108,             0.77875,             0.48553,            0.039471,            0.082291,            0.020636,            0.006766,            0.006766,            0.006766
                  51,            0.032049,            0.053175,            0.010691,             0.79224,             0.73155,             0.79667,             0.43202,            0.042718,            0.077942,            0.019669,              0.0067,              0.0067,              0.0067
                  52,            0.035727,            0.053927,            0.010577,             0.78169,             0.76504,             0.79945,             0.48486,            0.038365,            0.076431,            0.020049,            0.006634,            0.006634,            0.006634
                  53,            0.034064,            0.052771,            0.010064,              0.8064,             0.76372,             0.80469,             0.46182,            0.041104,            0.077744,            0.019413,            0.006568,            0.006568,            0.006568
                  54,            0.032921,             0.05242,            0.010096,             0.80225,             0.72922,             0.78678,             0.46385,            0.040243,            0.079239,            0.019968,            0.006502,            0.006502,            0.006502
                  55,            0.033285,            0.055422,            0.010434,             0.73819,              0.7535,             0.77664,             0.40653,             0.04199,            0.081955,            0.021026,            0.006436,            0.006436,            0.006436
                  56,            0.033955,            0.055263,             0.01075,             0.78634,             0.69045,             0.76557,             0.45908,            0.039197,            0.082031,            0.021656,             0.00637,             0.00637,             0.00637
                  57,            0.031353,            0.052814,           0.0096669,             0.75703,             0.71373,             0.76648,             0.47583,            0.038894,            0.082031,            0.021069,            0.006304,            0.006304,            0.006304
                  58,            0.034626,             0.05566,            0.010479,             0.71323,             0.74222,             0.76668,             0.43121,            0.040633,            0.082504,            0.020759,            0.006238,            0.006238,            0.006238
                  59,            0.032302,            0.054143,           0.0097002,             0.77875,             0.69184,             0.76807,             0.44487,            0.039485,             0.08075,            0.019846,            0.006172,            0.006172,            0.006172
                  60,            0.031258,            0.049427,           0.0087285,             0.79313,              0.7034,             0.76205,             0.46863,             0.03831,            0.086197,            0.020203,            0.006106,            0.006106,            0.006106
                  61,             0.03169,            0.049803,            0.010849,             0.80646,             0.70338,             0.77637,             0.44995,             0.03867,            0.082077,            0.019803,             0.00604,             0.00604,             0.00604
                  62,            0.034007,            0.051416,           0.0092845,             0.78209,             0.73416,             0.76991,             0.45902,            0.039661,            0.084671,            0.019418,            0.005974,            0.005974,            0.005974
                  63,            0.031379,            0.050499,            0.010022,             0.74763,               0.776,             0.78372,             0.45989,            0.039629,             0.09201,            0.019504,            0.005908,            0.005908,            0.005908
                  64,            0.031871,            0.052058,            0.010279,             0.77567,             0.74481,             0.76898,             0.49199,            0.036438,            0.080963,            0.019498,            0.005842,            0.005842,            0.005842
                  65,            0.030509,            0.053616,           0.0097127,             0.75206,             0.77537,             0.77086,             0.48712,            0.037436,            0.080612,            0.019514,            0.005776,            0.005776,            0.005776
                  66,            0.030455,            0.052316,           0.0090171,             0.78229,             0.74463,             0.78047,              0.4619,            0.039606,            0.086105,             0.01898,             0.00571,             0.00571,             0.00571
                  67,            0.030885,            0.050478,           0.0094454,             0.79587,             0.73784,             0.78352,             0.46535,            0.040569,            0.082565,            0.018609,            0.005644,            0.005644,            0.005644
                  68,            0.031877,            0.051726,           0.0092898,             0.79816,             0.73931,             0.79678,             0.50146,            0.038748,            0.080063,            0.018388,            0.005578,            0.005578,            0.005578
                  69,            0.030615,            0.051742,            0.009275,             0.78492,             0.75844,             0.79573,             0.47881,            0.039743,            0.081406,             0.01831,            0.005512,            0.005512,            0.005512
                  70,            0.032011,              0.0468,           0.0092072,             0.76936,             0.75899,             0.78975,             0.47696,            0.039767,            0.080856,            0.018612,            0.005446,            0.005446,            0.005446
                  71,            0.031977,            0.048557,           0.0099989,             0.77512,              0.7268,             0.78563,             0.47015,            0.040467,              0.0802,            0.019167,             0.00538,             0.00538,             0.00538
                  72,            0.031992,            0.052582,           0.0097491,             0.75643,             0.76057,             0.78296,             0.49627,            0.038081,            0.080948,            0.019194,            0.005314,            0.005314,            0.005314
                  73,            0.029332,            0.047983,             0.00932,             0.78648,             0.73927,             0.78333,             0.48643,            0.039211,            0.079376,            0.019066,            0.005248,            0.005248,            0.005248
                  74,            0.032212,            0.051732,            0.009145,             0.78826,             0.72809,             0.78068,             0.48014,            0.037861,            0.079422,            0.018815,            0.005182,            0.005182,            0.005182
                  75,            0.031931,            0.049044,            0.010105,             0.81258,             0.73437,             0.79814,             0.46826,            0.039695,              0.0793,            0.018123,            0.005116,            0.005116,            0.005116
                  76,            0.032418,            0.053362,            0.009745,             0.78905,             0.74563,             0.79531,             0.50789,             0.03707,            0.078873,            0.018097,             0.00505,             0.00505,             0.00505
                  77,            0.029389,            0.050713,           0.0094587,             0.79875,             0.73376,             0.79821,             0.51266,            0.037334,             0.07959,            0.018502,            0.004984,            0.004984,            0.004984
                  78,            0.029328,            0.052628,           0.0092572,             0.78963,             0.74054,             0.79582,             0.50519,            0.037767,            0.086029,            0.018235,            0.004918,            0.004918,            0.004918
                  79,            0.030545,            0.049147,           0.0094218,             0.76505,             0.78643,             0.80118,             0.50051,            0.038162,            0.083847,            0.017859,            0.004852,            0.004852,            0.004852
                  80,            0.030817,            0.051805,           0.0093443,             0.77359,             0.78554,             0.80084,             0.50304,            0.038445,             0.08284,             0.01787,            0.004786,            0.004786,            0.004786
                  81,            0.030957,            0.052937,           0.0091432,             0.76878,             0.79451,             0.80192,             0.51894,             0.03722,            0.082428,            0.018051,             0.00472,             0.00472,             0.00472
                  82,            0.029806,            0.052104,           0.0081433,             0.74447,             0.77915,             0.79409,             0.48903,            0.038896,            0.082596,            0.017899,            0.004654,            0.004654,            0.004654
                  83,            0.027904,            0.049636,           0.0084806,             0.73807,             0.79119,             0.78957,             0.48335,            0.039486,            0.083298,            0.018831,            0.004588,            0.004588,            0.004588
                  84,              0.0297,            0.049929,            0.008992,             0.74281,             0.78638,             0.78815,             0.51137,            0.037005,             0.08197,             0.01937,            0.004522,            0.004522,            0.004522
                  85,            0.028666,            0.050077,           0.0095214,              0.7788,             0.74841,             0.78611,             0.50292,            0.037952,            0.081833,            0.019824,            0.004456,            0.004456,            0.004456
                  86,            0.028447,            0.048365,           0.0085242,             0.77259,             0.74928,             0.78733,             0.50259,            0.038056,            0.083298,            0.019739,             0.00439,             0.00439,             0.00439
                  87,            0.029345,            0.049042,           0.0088443,             0.78376,              0.7425,             0.78529,             0.49851,            0.038345,            0.083801,            0.019087,            0.004324,            0.004324,            0.004324
                  88,            0.029636,            0.049836,           0.0087274,             0.77521,             0.72387,             0.77989,             0.50059,            0.038489,            0.085815,            0.019055,            0.004258,            0.004258,            0.004258
                  89,            0.028227,            0.048065,           0.0084859,             0.71494,             0.77357,             0.77456,             0.48873,            0.039303,            0.087372,            0.019557,            0.004192,            0.004192,            0.004192
                  90,            0.029339,            0.047732,           0.0091334,             0.75908,             0.74058,             0.78133,             0.51562,            0.037333,            0.086502,            0.019968,            0.004126,            0.004126,            0.004126
                  91,            0.027738,            0.046077,           0.0078899,             0.77522,             0.75813,             0.78513,             0.50691,             0.03879,            0.084717,            0.019584,             0.00406,             0.00406,             0.00406
                  92,            0.029158,            0.050648,           0.0083347,             0.76633,             0.76482,             0.79924,             0.52255,            0.037393,            0.082321,            0.019579,            0.003994,            0.003994,            0.003994
                  93,             0.02786,            0.046549,           0.0088052,             0.75464,             0.76938,             0.78783,             0.51349,            0.038041,            0.080444,            0.020267,            0.003928,            0.003928,            0.003928
                  94,            0.027197,            0.049141,           0.0081368,             0.77391,             0.76496,             0.79159,             0.52348,            0.037069,            0.078995,            0.019931,            0.003862,            0.003862,            0.003862
                  95,            0.028239,            0.046577,           0.0087685,             0.74081,             0.76745,             0.80311,             0.51618,            0.038307,            0.078842,            0.020027,            0.003796,            0.003796,            0.003796
                  96,            0.028901,            0.047425,           0.0083872,             0.80134,             0.71603,             0.80605,             0.54613,            0.036074,            0.076904,            0.019589,             0.00373,             0.00373,             0.00373
                  97,             0.02645,            0.047086,           0.0084147,             0.82537,             0.73511,              0.8132,             0.52444,             0.03801,            0.077515,             0.01819,            0.003664,            0.003664,            0.003664
                  98,            0.028666,            0.045565,           0.0081319,             0.82246,             0.74503,             0.82064,             0.56105,            0.035662,            0.077057,            0.017813,            0.003598,            0.003598,            0.003598
                  99,            0.027091,            0.047409,           0.0085427,             0.75755,              0.7998,              0.8173,             0.53763,            0.036653,            0.079193,            0.017141,            0.003532,            0.003532,            0.003532
                 100,            0.028447,            0.047119,           0.0085769,             0.74851,             0.79563,             0.81835,             0.53526,            0.036488,             0.07959,            0.017226,            0.003466,            0.003466,            0.003466
                 101,            0.025647,            0.043441,           0.0078005,             0.75842,             0.80124,              0.8125,             0.52694,            0.037537,            0.080185,            0.017162,              0.0034,              0.0034,              0.0034
                 102,            0.026755,            0.047108,            0.007404,             0.75529,             0.80484,             0.82151,             0.53711,             0.03618,            0.079727,            0.017095,            0.003334,            0.003334,            0.003334
                 103,            0.026873,            0.046541,           0.0080265,             0.80993,             0.77157,             0.81646,              0.5297,            0.037035,            0.080261,            0.016882,            0.003268,            0.003268,            0.003268
                 104,            0.028511,            0.052138,           0.0087984,             0.78627,             0.79598,             0.81385,             0.54935,            0.035477,            0.079224,            0.017202,            0.003202,            0.003202,            0.003202
                 105,            0.026623,            0.049584,           0.0077492,             0.80637,             0.78253,             0.80833,             0.55033,            0.035983,            0.080551,            0.017715,            0.003136,            0.003136,            0.003136
                 106,            0.027468,             0.04944,           0.0080785,             0.78105,             0.79647,             0.80681,             0.53328,             0.03673,            0.081375,            0.017731,             0.00307,             0.00307,             0.00307
                 107,            0.028267,            0.051073,           0.0079826,              0.7975,             0.78125,             0.81362,             0.51634,            0.037591,             0.08136,            0.017442,            0.003004,            0.003004,            0.003004
                 108,            0.026842,            0.047331,           0.0077671,             0.79761,             0.78266,             0.80352,             0.54547,            0.035642,            0.080872,             0.01736,            0.002938,            0.002938,            0.002938
                 109,            0.024466,            0.044388,           0.0071979,             0.82926,             0.77269,             0.81109,             0.52957,            0.037039,             0.08075,             0.01709,            0.002872,            0.002872,            0.002872
                 110,            0.027635,            0.052219,           0.0075512,             0.83095,             0.77216,             0.81724,              0.5448,            0.035579,            0.079849,            0.017007,            0.002806,            0.002806,            0.002806
                 111,            0.025585,            0.045559,           0.0078843,             0.83054,             0.77495,             0.80834,             0.52728,            0.037159,            0.082825,            0.017287,             0.00274,             0.00274,             0.00274
                 112,            0.026403,            0.047215,           0.0077116,              0.8281,             0.76455,             0.80977,             0.55653,            0.035152,             0.08197,            0.017496,            0.002674,            0.002674,            0.002674
                 113,             0.02312,            0.043646,           0.0075848,             0.83207,              0.7074,             0.80577,             0.55048,            0.035824,            0.081482,            0.017162,            0.002608,            0.002608,            0.002608
                 114,            0.025583,            0.044257,           0.0072796,             0.78135,             0.76411,             0.81627,             0.55683,            0.035087,            0.079803,            0.017117,            0.002542,            0.002542,            0.002542
                 115,            0.025154,            0.045652,           0.0079358,             0.81507,             0.77127,             0.81408,             0.54212,             0.03593,            0.079498,            0.017408,            0.002476,            0.002476,            0.002476
                 116,            0.023612,            0.044935,           0.0063832,             0.79322,              0.7743,             0.81559,             0.55372,            0.034903,            0.079376,            0.017595,             0.00241,             0.00241,             0.00241
                 117,            0.023477,             0.04693,           0.0070843,             0.81159,             0.74021,             0.81439,             0.55187,            0.035095,            0.080276,             0.01788,            0.002344,            0.002344,            0.002344
                 118,            0.024876,            0.044354,           0.0072921,             0.76373,             0.77132,             0.80385,             0.55133,            0.034812,            0.080276,            0.018073,            0.002278,            0.002278,            0.002278
                 119,            0.024236,            0.046359,             0.00776,             0.74493,             0.79116,             0.80134,             0.53881,            0.035497,            0.080292,            0.018449,            0.002212,            0.002212,            0.002212
                 120,            0.025393,            0.048323,           0.0073841,             0.73704,             0.78883,             0.79595,             0.55168,             0.03441,            0.079819,            0.018534,            0.002146,            0.002146,            0.002146
                 121,            0.023654,            0.047072,           0.0075544,             0.81272,             0.72238,              0.7913,             0.53813,            0.034539,            0.080551,            0.018665,             0.00208,             0.00208,             0.00208
                 122,            0.024473,            0.042917,           0.0075208,             0.81818,             0.72505,             0.79226,             0.53673,             0.03425,            0.080429,            0.018761,            0.002014,            0.002014,            0.002014
                 123,            0.024936,            0.046877,           0.0074577,             0.81551,             0.73739,               0.793,             0.53784,            0.034431,             0.08107,            0.018679,            0.001948,            0.001948,            0.001948
                 124,            0.024738,            0.045773,           0.0074552,             0.81043,             0.73932,             0.79641,             0.53098,            0.034736,            0.080643,             0.01862,            0.001882,            0.001882,            0.001882
                 125,            0.022994,             0.04717,            0.007254,             0.75081,             0.78543,             0.80441,             0.54253,            0.035141,            0.081146,             0.01803,            0.001816,            0.001816,            0.001816
                 126,            0.025079,            0.048182,           0.0075004,             0.76256,             0.78654,             0.80056,             0.54585,            0.034878,            0.080521,            0.017784,             0.00175,             0.00175,             0.00175
                 127,            0.023195,            0.044527,           0.0074828,              0.7431,             0.84399,             0.81168,             0.54814,            0.035215,            0.078186,            0.017522,            0.001684,            0.001684,            0.001684
                 128,            0.023486,            0.045569,           0.0068882,             0.75191,              0.8313,             0.81479,              0.5544,            0.034864,            0.078064,            0.017533,            0.001618,            0.001618,            0.001618
                 129,            0.023056,            0.044996,           0.0075686,             0.81581,             0.78817,             0.81812,             0.56546,            0.034543,            0.077591,            0.017253,            0.001552,            0.001552,            0.001552
                 130,            0.021868,            0.041482,           0.0067518,             0.81635,             0.80779,             0.82093,             0.56465,               0.035,             0.07756,            0.017007,            0.001486,            0.001486,            0.001486
                 131,            0.023252,            0.046591,           0.0075434,              0.8139,             0.78898,              0.8207,             0.56212,            0.034985,            0.078552,            0.016612,             0.00142,             0.00142,             0.00142
                 132,            0.023932,            0.044406,           0.0065864,             0.79894,             0.81875,              0.8229,              0.5738,            0.034486,            0.077377,            0.016529,            0.001354,            0.001354,            0.001354
                 133,             0.02254,            0.044872,             0.00798,             0.80205,             0.79427,             0.82386,             0.57131,            0.034481,             0.07756,            0.016478,            0.001288,            0.001288,            0.001288
                 134,             0.02329,            0.043118,           0.0071886,              0.8017,               0.793,              0.8233,             0.56965,            0.034506,            0.077454,            0.016556,            0.001222,            0.001222,            0.001222
                 135,            0.022811,            0.043153,           0.0068344,             0.78243,             0.80572,             0.82328,             0.57691,            0.034298,            0.077789,            0.016636,            0.001156,            0.001156,            0.001156
                 136,            0.021887,            0.043201,           0.0076406,             0.78572,             0.80884,             0.82202,             0.56822,            0.034417,            0.077713,            0.016884,             0.00109,             0.00109,             0.00109
                 137,            0.023603,            0.045416,            0.007988,             0.79138,             0.81712,             0.81935,             0.57193,            0.034007,            0.077377,             0.01702,            0.001024,            0.001024,            0.001024
                 138,            0.023613,            0.048276,           0.0069227,             0.78983,             0.82026,             0.81966,             0.56687,            0.033999,            0.077713,            0.017101,            0.000958,            0.000958,            0.000958
                 139,            0.022133,            0.045283,            0.006854,             0.77707,             0.81375,              0.8199,             0.56781,            0.033929,            0.077896,            0.017301,            0.000892,            0.000892,            0.000892
                 140,             0.02385,            0.046352,           0.0076779,             0.79393,             0.77506,             0.81438,             0.56529,            0.033941,            0.078232,              0.0174,            0.000826,            0.000826,            0.000826
                 141,            0.021663,            0.045284,           0.0063944,              0.7727,             0.81541,             0.81821,             0.56718,            0.033814,             0.07843,            0.017258,             0.00076,             0.00076,             0.00076
                 142,            0.022205,            0.044724,            0.006805,              0.8246,             0.77358,              0.8175,              0.5689,             0.03384,            0.078812,            0.017205,            0.000694,            0.000694,            0.000694
                 143,             0.02226,            0.043029,           0.0069752,             0.76855,             0.82244,             0.81396,             0.56237,            0.033849,              0.0793,            0.017114,            0.000628,            0.000628,            0.000628
                 144,            0.021716,            0.046515,            0.006966,              0.8196,             0.77083,             0.81392,             0.56339,            0.033997,            0.079407,            0.017205,            0.000562,            0.000562,            0.000562
                 145,            0.023426,            0.043426,           0.0069698,             0.81723,             0.77608,             0.81038,             0.56483,            0.033944,            0.079361,            0.017207,            0.000496,            0.000496,            0.000496
                 146,            0.022107,            0.043588,           0.0064016,             0.81636,             0.77972,             0.81068,             0.56322,            0.033969,            0.079453,            0.017215,             0.00043,             0.00043,             0.00043
                 147,            0.023631,            0.047194,           0.0070158,              0.8173,             0.76785,             0.81071,             0.56046,            0.034055,            0.079239,            0.017338,            0.000364,            0.000364,            0.000364
                 148,             0.02197,            0.044136,           0.0063404,             0.81337,             0.76166,             0.80952,             0.56375,             0.03408,            0.079086,            0.017346,            0.000298,            0.000298,            0.000298
                 149,            0.022525,            0.045574,           0.0080792,             0.80238,             0.75885,             0.80983,             0.56299,            0.034058,            0.079041,            0.017426,            0.000232,            0.000232,            0.000232
